title,description,url,publishedAt,source,type
Honda Is Giving Up on the All-Electric Dream,"Citing massive losses and a cooling market, the Japanese auto giant is backing away from an all-electric future in a huge blow to the EV industry and a sign that the road to clean cars just got a lot bumpier.",https://gizmodo.com/honda-is-giving-up-on-the-all-electric-dream-2000640532,2025-08-08T12:15:49Z,Gizmodo.com,news
Anthropic’s new Claude 4.1 dominates coding tests days before GPT-5 arrives,"Anthropic's Claude Opus 4.1 achieves 74.5% on coding benchmarks, leading the AI market, but faces risk as nearly half its $3.1B API revenue depends on just two customers.",https://venturebeat.com/ai/anthropics-new-claude-4-1-dominates-coding-tests-days-before-gpt-5-arrives/,2025-08-05T19:04:56Z,VentureBeat,news
Anthropic takes on OpenAI and Google with new Claude AI features designed for students and developers,"Anthropic launches learning modes for Claude AI that guide users through step-by-step reasoning instead of providing direct answers, intensifying competition with OpenAI and Google in the booming AI education market.",https://venturebeat.com/ai/anthropic-takes-on-openai-and-google-with-new-claude-ai-features-designed-for-students-and-developers/,2025-08-14T17:00:18Z,VentureBeat,news
The AI doomers are having their moment,OpenAI and other AI companies have attracted billions in the race to develop artificial general intelligence. It might be further away then we think.,https://www.businessinsider.com/limits-large-language-models-chatgpt-agi-artificial-general-intelligence-openai-2025-8,2025-08-25T08:01:02Z,Business Insider,news
Elon Musk’s xAI is suing OpenAI and Apple,"Elon Musk is suing Apple and OpenAI over claims that their deal to build ChatGPT into the iPhone is stifling competition in the AI industry. In a lawsuit filed on Monday, the Musk-owned X Corp and xAI also accuse Apple’s Apple Store of “deprioritizing” rival …",https://www.theverge.com/news/765171/elon-musk-apple-openai-antitrust-lawsuit,2025-08-25T16:15:50Z,The Verge,news
Mark Zuckerberg Halts AI Hiring After Million-Dollar Talent Poaching Sparks Investor Backlash Amid Meta's 'Superintelligence Efforts:' Report,Meta Platforms Inc. (NASDAQ:META) has implemented a hiring freeze in its artificial intelligence division following months of aggressive recruitment that...,https://finance.yahoo.com/news/mark-zuckerberg-halts-ai-hiring-114618997.html,2025-08-22T11:46:18Z,Yahoo Entertainment,news
Tech’s Heavy Hitters Are Spending Big to Ensure a Pro-AI Congress,$100 million and campaign season is nowhere in sight.,https://gizmodo.com/ai-pac-congress-openai-andreessen-silicon-valley-2000647826,2025-08-26T12:45:57Z,Gizmodo.com,news
Anthropic ships automated security reviews for Claude Code as AI-generated vulnerabilities surge,"Anthropic launches automated AI security tools for Claude Code that scan code for vulnerabilities and suggest fixes, addressing security risks from rapidly expanding AI-generated software development.",https://venturebeat.com/ai/anthropic-ships-automated-security-reviews-for-claude-code-as-ai-generated-vulnerabilities-surge/,2025-08-06T16:00:00Z,VentureBeat,news
OpenAI removes ChatGPT feature after private conversations leak to Google search,"OpenAI abruptly removed a ChatGPT feature that made conversations searchable on Google, sparking privacy concerns and industry-wide scrutiny of AI data handling.",https://venturebeat.com/ai/openai-removes-chatgpt-feature-after-private-conversations-leak-to-google-search/,2025-08-01T00:49:25Z,VentureBeat,news
Runloop lands $7M to power AI coding agents with cloud-based devboxes,"Runloop raises $7M seed funding to solve the ""production gap"" for AI coding agents, providing enterprise infrastructure that helps companies deploy autonomous coding assistants six months faster than building in-house solutions.",https://venturebeat.com/ai/runloop-lands-7m-to-power-ai-coding-agents-with-cloud-based-devboxes/,2025-07-30T13:01:00Z,VentureBeat,news
"China Is Building an AI Robot Uterus, and Are We Just Basically ‘Dune’ Now?",Creating a human fetus in a robot is a bioethical minefield.,https://gizmodo.com/china-robot-uterus-2000645042,2025-08-19T19:42:30Z,Gizmodo.com,news
"Exclusive-Alphabet's CapitalG, Nvidia in talks to fund Vast Data at up to $30 billion valuation, sources say",NEW YORK/SAN FRANCISCO (Reuters) -Alphabet's growth-stage venture arm CapitalG and Nvidia are in talks to invest in artificial intelligence infrastructure...,https://ca.finance.yahoo.com/news/exclusive-alphabets-capitalg-nvidia-talks-100423131.html,2025-08-01T10:04:23Z,Yahoo Entertainment,news
OpenAI Makes a Play for Healthcare,The results are mixed on whether healthcare AI will be revolutionary or problematic,https://gizmodo.com/openai-makes-a-play-for-healthcare-2000648210,2025-08-26T16:14:34Z,Gizmodo.com,news
That ‘cheap’ open-source AI model is actually burning through your compute budget,"New research reveals open-source AI models use up to 10 times more computing resources than closed alternatives, potentially negating cost advantages for enterprise deployments.",https://venturebeat.com/ai/that-cheap-open-source-ai-model-is-actually-burning-through-your-compute-budget/,2025-08-15T01:24:49Z,VentureBeat,news
"China says it wants the world to work together to govern AI. The US, not so much.",China has called for a new global organization to address the AI threat. Getting the US to the table might be a challenge.,https://www.businessinsider.com/china-global-ai-regulation-trump-openai-meta-deepmind-anthropic-2025-7,2025-07-28T07:54:57Z,Business Insider,news
The Rise and Fall of Music Ringtones: A Statistical Analysis,What happened to the music ringtone?,https://www.statsignificant.com/p/the-rise-and-fall-of-music-ringtones,2025-08-17T23:29:54Z,Statsignificant.com,news
The AI vibe shift is upon us,"Rather suddenly, there’s been a vibe shift around artificial intelligence, the tech that’s hypnotized Wall Street and inspired cultish devotion across Silicon Valley over the past three years.",https://www.cnn.com/2025/08/22/business/ai-vibe-shift-nightcap,2025-08-24T10:31:09Z,CNN,news
The U.S. May Change Strategy in Its Battle With China for AI Dominance,"China’s AI messaging is starting to sound like “AI for all,” but the United States is split on its own tactic.",https://gizmodo.com/the-u-s-may-change-strategy-in-its-battle-with-china-for-ai-dominance-2000636223,2025-07-29T18:59:24Z,Gizmodo.com,news
"Trump’s Attack on Wind, Solar Cuts Deeper Than Industry Expected","(Bloomberg) -- President Donald Trump is escalating his attacks on wind and solar power from the rhetorical to the tangible, mounting a rapid-fire campaign...",https://finance.yahoo.com/news/trumps-latest-attacks-stun-wind-111803087.html,2025-08-07T11:18:03Z,Yahoo Entertainment,news
Silicon Valley’s AI Spend Goes Berserk as Microsoft Starts Cashing In,Tech giants reported eye-watering figures linked to artificial intelligence investment.,https://gizmodo.com/silicon-valleys-ai-spend-goes-berserk-as-microsoft-starts-cashing-in-2000638318,2025-08-03T10:00:27Z,Gizmodo.com,news
AI could be the US's secret weapon in the race to mine more minerals — if it can prove itself,"In the US push for mineral independence, AI could support faster discovery and supply chain security, but skepticism in the mining industry remains.",https://www.businessinsider.com/critical-minerals-mining-us-ai-exploration-supply-chain-import-reliance-2025-8,2025-08-04T18:18:11Z,Business Insider,news
"Real estate industry mourns, grapples with questions about the future of office security",The Midtown office shooting that killed two real estate professionals has prompted grief—and questions about whether more could be done.,https://www.businessinsider.com/nyc-shooting-real-estate-office-towers-security-centers-blackstone-rudin-2025-7,2025-07-31T09:00:02Z,Business Insider,news
"A recruiter says she's drowning in résumés. Any time she posts a job, she gets 'a tsunami.'","Recruiter Kathy Lavinder doesn't always post the roles she hopes to fill because she wants to avoid getting a ""tsunami"" of résumés.",https://www.businessinsider.com/recruiter-doesnt-post-open-jobs-gets-too-many-resumes-2025-8,2025-08-10T09:20:02Z,Business Insider,news
"Apple's Real AI Crisis Isn't Siri, But the Talent It's Losing to Rivals","Apple has hemorrhaged around a dozen artificial intelligence staff to rivals since January, making it one of the prime victims in Silicon Valley's fierce AI talent war, reports the Financial Times.





The exodus of staff from Apple's AI team over the last s…",https://www.macrumors.com/2025/08/07/apples-ai-problem-not-just-siri-talent-leaving/,2025-08-07T12:22:34Z,MacRumors,news
Film Schools Are Embracing AI. Should They?,Generative AI has come for America's film students.,https://gizmodo.com/film-schools-are-embracing-ai-should-they-2000639311,2025-08-16T12:00:42Z,Gizmodo.com,news
Wall Street's rebound is real — but hiring isn't following,Hiring on Wall Street hasn't returned and some banks are engaging in quiet layoffs even as the deals market stabilizes from this spring's doldrums.,https://www.businessinsider.com/wall-street-deals-hiring-layoffs-investment-banking-goldman-barclays-ai-2025-8,2025-08-11T09:00:02Z,Business Insider,news
Tech war: DeepSeek's V3.1 model emerges as 'key pillar' for China's chip self-sufficiency,DeepSeek's recently released V3.1 AI model has unleashed fresh optimism about the prospects of China developing advanced artificial intelligence...,https://finance.yahoo.com/news/tech-war-deepseeks-v3-1-093000612.html,2025-08-26T09:30:00Z,Yahoo Entertainment,news
"AI Won’t Boost Human Productivity Just Yet, a New Paper From the Federal Reserve Says","The timeline for an AI productivity boom will be “inherently slow” and “fraught with risk,” according to the country’s most powerful economic institution.",https://gizmodo.com/ai-wont-boost-human-productivity-just-yet-a-new-paper-from-the-federal-reserve-says-2000637521,2025-08-01T11:00:13Z,Gizmodo.com,news
"Satoshi Nakamoto Translated into English Means ""Central Intelligence""","Annie Jacobson, an award-winning, investigative reporter, asserts that technology developed by the Central Intelligence Agency serves as the bedrock of the cryptocurrency industry. Could she be right?",https://wisewolfmedia.substack.com/p/did-the-cia-create-bitcoin,2025-08-16T14:22:28Z,Substack.com,news
US Navy sailor convicted of spying for China,"He is found guilty of selling details about warships' locations and weapons to a Chinese spy for $12,000.",https://www.bbc.com/news/articles/cjw6847p2ypo,2025-08-21T01:00:45Z,BBC News,news
EU Commission Approves $4.8 Billion Prosus' Takeover of Just Eat Takeaway,"Prosus has secured conditional approval from the European Union for its $4.8âbillion (4.1 billion euros) acquisition of Just Eat Takeaway, after agreeing to sell down its 27.4% stake in Delivery Hero. Reuters reports: Amsterdam-headquartered Prosus, which is …",https://slashdot.org/story/25/08/11/2133223/eu-commission-approves-48-billion-prosus-takeover-of-just-eat-takeaway,2025-08-11T22:30:00Z,Slashdot.org,news
"Sloppy AI Defenses Take Cybersecurity Back To the 1990s, Researchers Say","spatwei shares a report from SC Media: Just as it had at BSides Las Vegas earlier in the week, the risks of artificial intelligence dominated the Black Hat USA 2025 security conference on Aug. 6 and 7. We couldn't see all the AI-related talks, but we did catc…",https://it.slashdot.org/story/25/08/12/2037200/sloppy-ai-defenses-take-cybersecurity-back-to-the-1990s-researchers-say,2025-08-12T22:00:00Z,Slashdot.org,news
Delta Engineered a Pricing System That Sorts You by Economic Value,"Delta's New AI-Powered Pricing Strategy

Delta Air Lines is embarking on a bold experiment in airfare pricing. At a recent investor presentation, the airline announced plans to expand its use of artificial intelligence for setting ticket prices to cover 20% o…",https://blog.getjetback.com/delta-engineered-a-pricing-system-that-sorts-you-by-economic-value/,2025-07-29T19:30:40Z,Getjetback.com,news
Palantir exec calls LLMs a 'jagged intelligence' and outlines the company's next steps in the AI race,"Palantir outlined why its approach to AI is superior to normal LLMs, and explains how it plans to attract AI talents.",https://www.businessinsider.com/palantir-calls-llms-a-jagged-intelligence-outlines-ai-race-plan-2025-8,2025-08-05T01:27:57Z,Business Insider,news
"Apple has a new AI problem—this time from Elon Musk, who’s threatening ‘legal action’ if it doesn’t knock ChatGPT off the top of its App Store",Musk is threatening 'legal action' if Apple doesn't knock ChatGPT off the top of its App Store.,https://finance.yahoo.com/news/apple-ai-problem-time-elon-140529635.html,2025-08-12T14:05:29Z,Yahoo Entertainment,news
The Semiconductor Industry and Regulatory Compliance,"Earlier this week, the Trump administration narrowed export controls on advanced semiconductors ahead of US-China trade negotiations. The administration is increasingly relying on export licenses to allow American semiconductor firms to sell their products to…",https://www.schneier.com/blog/archives/2025/08/its-time-for-the-semiconductor-industry-to-step-up.html,2025-08-02T04:48:47Z,Schneier.com,news
How Long Before Superintelligence?,"A 1997 analysis of AI timelines, analyzing brain processing power, Moore’s Law, and software development. Predicted superintelligence before 2033.",https://nickbostrom.com/superintelligence,2025-07-31T17:17:50Z,Nickbostrom.com,news
South Korean man arrested in Thailand in $50 million crypto scam,The man is accused of laundering over $50 million worth of Tether stablecoins into physical gold bars in the span of just three months.,https://gizmodo.com/south-korean-man-50-million-crypto-scam-2000647369,2025-08-24T14:48:32Z,Gizmodo.com,news
Sam Altman hopes AGI will allow people to have more kids in the future,"OpenAI CEO Sam Altman hopes that the increased resources and time created by AGI, when it comes, will create better conditions for larger families.",https://www.businessinsider.com/sam-altman-agi-prediction-children-population-growth-families-community-openai-2025-8,2025-08-15T18:05:33Z,Business Insider,news
Backlash to Delta's AI pricing shows the tightrope companies walk when it comes to AI,"When Delta said it was ramping up AI-powered ticket pricing, backlash was swift. It showed a common problem facing companies in the age of AI.",https://www.businessinsider.com/delta-ai-pricing-backlash-shows-tightrope-companies-walk-ai-adoption-2025-8,2025-08-02T12:29:01Z,Business Insider,news
The cofounder of xAI is leaving the company. He says he's learned 2 main things from Elon Musk.,"Babuschkin is starting Babuschkin Ventures, focused on AI safety resaerch and startups in AI and agentic systems.",https://www.businessinsider.com/xai-cofounder-leaving-learned-2-things-from-elon-musk-babuschkin-2025-8,2025-08-14T04:36:11Z,Business Insider,news
Elon Musk's xAI empire is leaning into NSFW content. It's a risky move that could pay off.,"Elon Musk's XAI is embracing NSFW content with Grok's lingerie-wearing AI companion and a new ""spicy"" video generator.",https://www.businessinsider.com/elon-musk-grok-nsfw-ai-spicy-content-potential-revenue-risk-2025-8,2025-08-14T11:30:02Z,Business Insider,news
Is Rotten Tomatoes Still Reliable? A Statistical Analysis,Can Hollywood's stamp of artistic excellence still be trusted?,https://www.statsignificant.com/p/is-rotten-tomatoes-still-reliable,2025-08-21T00:10:07Z,Statsignificant.com,news
95% of Companies See 'Zero Return' on $30B Generative AI Spend,"Over the last three years, companies worldwide have invested between 30 and 40 billion dollars into generative artificial intelligence projects. Yet most of these efforts have brought no real business…",https://thedailyadda.com/95-of-companies-see-zero-return-on-30-billion-generative-ai-spend-mit-report-finds/,2025-08-21T15:36:24Z,Thedailyadda.com,news
Is AI the reason your flight costs more? What Delta’s new pricing tech really means,Here's what to know about how Delta Air Lines is using artificial intelligence to price fares and why some lawmakers and industry insiders are concerned.,https://thepointsguy.com/news/delta-ai-flight-pricing/,2025-08-08T13:00:00Z,The Points Guy,news
Cheyenne to host massive AI data center using more electricity than all Wyoming homes combined,An artificial intelligence data center that would use more electricity than every home in Wyoming combined before expanding to as much as five times that...,https://www.yahoo.com/news/articles/cheyenne-host-massive-ai-data-232410509.html,2025-07-28T23:24:10Z,Yahoo Entertainment,news
Apple Is Betting Everything on a Voice-Controlled AI Siri,"The new AI-powered Siri needs to actually work, or it could mark the beginning of a downward spiral for Apple’s future.",https://gizmodo.com/apple-is-betting-everything-on-a-voice-controlled-ai-siri-2000641286,2025-08-11T14:38:44Z,Gizmodo.com,news
The Rise of a New AI Superpower,"With explosive growth and massive government backing, Abu Dhabi is making a serious play for the AI crown. But in a world dominated by a handful of tech capitals, can it truly compete? Watch out, Bay Area and NYC: The Middle East is making a play for some of …",https://gizmodo.com/middle-east-aims-for-artificial-intelligence-2000641298,2025-08-11T15:29:26Z,Gizmodo.com,news
5 ChatGPT Prompts To Help You Perform Business Analysis,"We offer five detailed ChatGPT prompts specifically tailored to performing a business analysis and generating useful, industry-specific metrics.",https://www.forbes.com/sites/allbusiness/2025/08/19/5-chatgpt-prompts-to-help-you-perform-business-analysis/,2025-08-19T19:30:00Z,Forbes,news
Clio built its empire on small law firms. Now it's spending $1 billion to buy a seat at Big Law's table.,"The largest acquisition in legal-tech history could turn a duopoly into the ""Big 3.""",https://www.businessinsider.com/clio-vlex-1-billion-acquisition-buy-seat-in-big-law-2025-8,2025-08-25T09:00:02Z,Business Insider,news
"Exciting New Tools for Designers, August 2025","Our roundup of exciting new tools for designers is a smorgasbord of options, from open source editors to artificial intelligence tools are designed to speed up creative workflows. Most of the tools hitting the market right now include some AI elements, but we…",https://webdesignerdepot.com/exciting-new-tools-for-designers-august-2025/,2025-08-11T12:36:00Z,Webdesignerdepot.com,news
Welcome to the era of empathic Artificial Intelligence,"Learn how emotionally intelligent AI agents transform regulated industry interactions, fostering trust, compliance, and support.",https://www.techradar.com/pro/welcome-to-the-era-of-empathic-artificial-intelligence,2025-08-12T08:47:42Z,TechRadar,news
Hundreds Of Microsoft Employees Just Revealed Their Pay — From $111K To $340K — As Company Fights To Keep AI Talent From Meta,Microsoft Corp. (NASDAQ:MSFT) employees leak compensation details through an anonymous spreadsheet as the company battles Meta Platforms Inc. (NASDAQ:META...,https://finance.yahoo.com/news/hundreds-microsoft-employees-just-revealed-183103012.html,2025-08-22T18:31:03Z,Yahoo Entertainment,news
Elon Musk launches Macrohard to take on Microsoft with AI,"Elon Musk’s new AI startup Macrohard aims to challenge Microsoft by rethinking software development with artificial intelligence.
The post Elon Musk launches Macrohard to take on Microsoft with AI appeared first on Phandroid.",https://phandroid.com/2025/08/25/elon-musk-launches-macrohard-to-take-on-microsoft-with-ai/,2025-08-25T04:15:14Z,Phandroid - News for Android,news
LRCX vs. AMAT: Which Chip-Equipment Stock Is a Better Buy Right Now?,"Applied Materials' diversified portfolio, resilient growth and lower valuation give it the edge over Lam Research in the AI-driven chip boom.",https://finance.yahoo.com/news/lrcx-vs-amat-chip-equipment-135400592.html,2025-08-12T13:54:00Z,Yahoo Entertainment,news
Huawei Shows Off 384-Chip AI Computing System That Rivals Nvidia's Top Product,"Long-time Slashdot reader hackingbear writes: China's Huawei Technologies showed off an AI computing system on Saturday that can rival Nvidia's most advanced offering, even though the company faces U.S. export restrictions. The CloudMatrix 384 system made its…",https://hardware.slashdot.org/story/25/07/27/2248257/huawei-shows-off-384-chip-ai-computing-system-that-rivals-nvidias-top-product,2025-07-27T22:51:00Z,Slashdot.org,news
Can AI take your order? Welcome to the restaurant of the future.,"Business Insider spoke to seven experts to discuss the design, marketing, and technological trends shaping the future of the restaurant industry.",https://www.businessinsider.com/future-restaurants-cashless-robotic-servers-retro-design-2025-7,2025-08-10T09:57:01Z,Business Insider,news
How AI can improve insurance coverage,"CSIRO, Australia's national science agency, and the Insurance Council of Australia (ICA) have released a report outlining how artificial intelligence (AI) can help address some of the most pressing issues facing the insurance sector and its customers.",https://phys.org/news/2025-08-ai-coverage.html,2025-08-25T14:14:04Z,Phys.Org,news
These visa holders reveal a program that can transform lives — and quickly unravel them,"The H-1B visa can be a life changing opportunity for skilled immigrants in the US, but it comes with risks, too.",https://www.businessinsider.com/bitoday-newsletters-h1b-visa-immigration-tech-2025-8,2025-08-08T15:19:24Z,Business Insider,news
Why the $2.99 Snack Wrap is part of McDonald's new secret sauce for success,McDonald's CEO Chris Kempczinski said it was critical for the fast food chain to 're-engage' lower-income consumers.,https://www.businessinsider.com/mcdonalds-q2-earnings-results-snack-wraps-lower-income-consumers-2025-8,2025-08-06T15:01:47Z,Business Insider,news
AI companions replace real friends for many teens,"Teens increasingly turn to AI companions for emotional support and advice, but experts warn of developmental risks and inadequate safety measure.",https://www.foxnews.com/tech/ai-companions-replace-real-friends-many-teens,2025-08-08T10:00:10Z,Fox News,news
Acer's Swift Go 14 AI laptop is perfect for college students on the go — here's how it stacked up in our tests,The Acer Swift Go 14 AI's thin frame and supremely long battery life make it a fantastic pick for users who need portability and performance.,https://www.businessinsider.com/guides/tech/acer-swift-go-14-ai-laptop-review,2025-08-11T14:21:54Z,Business Insider,news
Perplexity's Comet browser naively processed pages with evil instructions,"Rival Brave flags prompt injection vulnerability, now patched
To the surprise of no one in the security industry, processing untrusted, unvalidated input is a bad idea.…<!--#include virtual='/data_centre/_whitepaper_textlinks_top.html' -->",https://www.theregister.com/2025/08/20/perplexity_comet_browser_prompt_injection/,2025-08-20T19:26:07Z,Theregister.com,news
Hundreds of thousands of Grok chats exposed in Google results,Elon Musk's artificial intelligence (AI) chatbot appears to have published messages without users' knowledge.,https://www.bbc.com/news/articles/cdrkmk00jy0o,2025-08-21T12:55:28Z,BBC News,news
AI-Driven Trends in Endpoint Security: What the 2025 Gartner® Magic Quadrant™ Reveals,"Cyber threats and attacks like ransomware continue to increase in volume and complexity with the endpoint typically being the most sought after and valued target. With the rapid expansion and adoption of AI, it is more critical than ever to ensure the endpoin…",https://thehackernews.com/2025/07/ai-driven-trends-in-endpoint-security.html,2025-07-31T11:25:00Z,Internet,news
Security pros are drowning in threat-intel data and it's making everything more dangerous,"Plus, 60% don't have enough analysts to make sense of it
Too many threats, too much data, and too few skilled security analysts are making companies more vulnerable to cyberattacks, according to the IT and security leaders tasked with protecting these organiz…",https://www.theregister.com/2025/07/28/security_pros_drowning_in_threatintel/,2025-07-28T21:21:10Z,Theregister.com,news
Meta's superintelligence push sparks tension and threats of desertion inside its sprawling AI operations,Meta's effort to hire elite AI talent is alienating some existing researchers. Find out why some are considering leaving Meta.,https://www.businessinsider.com/meta-ai-talent-war-superintelligence-push-tension-desertion-2025-8,2025-08-13T09:00:02Z,Business Insider,news
Top spy says LinkedIn profiles that list defence work 'recklessly invite attention of foreign intelligence services',"Workers on joint US/UK/Australia nuclear submarine program are painting a target on themselves
The Director-General of Security at the Australian Security Intelligence Organization (ASIO) has lamented the fact that many people list their work in the intellige…",https://www.theregister.com/2025/08/01/asio_espionage_social_media_warning/,2025-08-01T06:28:14Z,Theregister.com,news
Apple reportedly plans Health+ subscription with AI coaching in 2026,"Apple may launch Health+ in 2026, an AI-powered health coach with nutrition planning and medical advice as part of its services push.-
The post Apple reportedly plans Health+ subscription with AI coaching in 2026 appeared first on Phandroid.",https://phandroid.com/2025/08/25/apple-reportedly-plans-health-subscription-with-ai-coaching-in-2026/,2025-08-25T05:00:47Z,Phandroid - News for Android,news
Bluesky's CEO warns you shouldn't 'fully outsource your thinking' to AI,Bluesky CEO Jay Graber emphasized the importance of critical thinking and developing a generalist skillset for the AI era.,https://www.businessinsider.com/bluesky-ceo-ai-dont-outsource-thinking-2025-7,2025-07-29T09:31:01Z,Business Insider,news
Meta reportedly inks major $10 billion deal with Google for Cloud services,A report stated that Meta has signed a new deal with Google to use its cloud-based services for the next six years.,https://www.androidcentral.com/apps-software/meta/meta-reportedly-inks-major-10-billion-deal-google-cloud-services,2025-08-25T16:06:00Z,Android Central,news
Capital Spending As The Key Market Driver?,"2025 U.S. capital spending trends: AI infrastructure growth, tax incentives, and the impact of mega-cap tech investments on economic performance.",https://www.forbes.com/sites/randywatts/2025/08/14/capital-spending-as-the-key-market-driver/,2025-08-14T23:20:29Z,Forbes,news
"How to Detect Consciousness in People, Animals and Maybe Even AI",Insights from human brains could inform how scientists search for awareness in all its possible forms,https://www.scientificamerican.com/article/how-to-detect-consciousness-in-people-animals-and-maybe-even-ai/,2025-08-06T11:00:00Z,Scientific American,news
"AI Is Taking Over Our Social Media Feeds, but Maybe Not How You Expect","AI is the new social media intern, even if it isn't creating the posts and images we see on our feeds.",https://www.cnet.com/tech/services-and-software/ai-is-taking-over-our-social-media-feeds-but-maybe-not-how-you-expect/,2025-08-22T13:25:00Z,CNET,news
Palantir CEO Alex Karp calls a job at his company 'by far the best credential in tech.' We asked recruiters if they agree.,"CEO Alex Karp says having Palantir on your résumé means ""everyone knows you're good."" Recruiters have mixed opinions on the company's career clout.",https://www.businessinsider.com/palantir-tech-resume-career-value-recruiters-2025-8,2025-08-05T22:41:08Z,Business Insider,news
Building AI Products in the Probabilistic Era,"AI turns products from deterministic functions into probabilistic systems. That requires expanding old playbooks (SLOs, funnels, siloed finance), and reasoning in terms of trajectories, Minimum Viable Intelligence thresholds, and data as company operating sys…",https://giansegato.com/essays/probabilistic-era,2025-08-21T18:42:10Z,Giansegato.com,news
Why I'm Expecting Stocks To Soar Over the Next 4 Months,"The market has gone on a wild yet profitable ride so far this year, and Kevin Matras believes the rest of 2025 could be even more spectacular. Discover how...",https://finance.yahoo.com/news/why-im-expecting-stocks-soar-183800232.html,2025-08-15T18:38:00Z,Yahoo Entertainment,news
Everyone wants to reach artificial general intelligence but why?,Everyone wants to reach artificial general intelligence but why? Here's what one AI expert thinks.,https://www.techradar.com/pro/everyone-wants-to-reach-artificial-general-intelligence-but-why,2025-08-01T14:11:31Z,TechRadar,news
GPT-5's modest gains suggest AI progress is slowing down,"OpenAI’s latest large language model has achieved seemingly underwhelming improvements in performance, leading to questions about whether the AI industry can make significant advancements with its current designs",https://www.newscientist.com/article/2492232-gpt-5s-modest-gains-suggest-ai-progress-is-slowing-down/,2025-08-13T13:40:15Z,New Scientist,news
Apple's bid to close the AI gap could be hampered by AI brain drain,"After the loss of about a dozen AI engineers, developing Apple Intelligence features and shipping that improved Siri in 2026 could be more difficult than Apple hoped.Apple Intelligence continues to flounderApple CEO Tim Cook and SVP Craig Federighi recently t…",https://appleinsider.com/articles/25/08/07/apples-bid-to-close-the-ai-gap-could-be-hampered-by-ai-brain-drain,2025-08-07T12:52:54Z,AppleInsider,news
AI For Go-To-Market Teams: Inside TigerEye’s Rise,"AI-native platform TigerEye helps sales and marketing teams move faster with real-time insights, predictive tools, and self-serve business intelligence.",https://www.forbes.com/sites/geristengel/2025/08/06/ai-for-go-to-market-teams-inside-tigereyes-rise/,2025-08-06T11:00:00Z,Forbes,news
Microsoft becomes second company to surpass $4 trillion in market value,The surge comes following announced investments in AI after company laid off thousands earlier this month.,https://www.aljazeera.com/economy/2025/7/31/microsoft-becomes-second-company-to-surpass-4-trillion-in-market-value,2025-07-31T18:08:44Z,Al Jazeera English,news
Foxconn’s Apple era fades as AI servers drive growth in Taiwan tech sector,"TAIPEI (Reuters) -Taiwan's Foxconn, which rose to become a global tech manufacturing juggernaut by assembling millions of iPhones, can now say its main...",https://finance.yahoo.com/news/foxconn-apple-era-fades-ai-083405485.html,2025-08-18T08:34:05Z,Yahoo Entertainment,news
Ukraine arrests air force officer for spying on Western-supplied fighter jets,KYIV (Reuters) -Ukraine's domestic security agency has detained an air force officer on charges of having spied for Russia by leaking the location of prized ...,https://www.yahoo.com/news/articles/ukraine-arrests-air-force-officer-135230872.html,2025-07-30T13:52:30Z,Yahoo Entertainment,news
Veteran analyst makes staggering AI spending prediction,The long-time Wall Street analyst updates the amount data centers will spend on AI.,https://www.thestreet.com/technology/veteran-analyst-makes-staggering-ai-spending-prediction,2025-08-21T17:17:00Z,TheStreet,news
Apple is gearing up for an 'awe-dropping' event,"Apple is gearing up for its September 9 event, and analysts are speculating about the iPhone 17's new form factor and design.",https://www.businessinsider.com/apple-fall-event-scheduled-iphone-2025-8,2025-08-26T18:59:09Z,Business Insider,news
Is the A.I. Boom Turning Into an A.I. Bubble?,"John Cassidy on the echoes of the dot-com era in the economy, as the stock prices of Big Tech companies continue to rise and eye-popping I.P.O.s reëmerge.",https://www.newyorker.com/news/the-financial-page/is-the-ai-boom-turning-into-an-ai-bubble,2025-08-11T10:00:00Z,The New Yorker,news
Will AGI Take Nvidia Stock To $300?,"If Artificial General Intelligence becomes even partially realized over the next few years, the demand for NVDA high-performance computing could soar exponentially",https://www.forbes.com/sites/greatspeculations/2025/07/28/will-agi-take-nvidia-stock-to-300/,2025-07-28T13:14:01Z,Forbes,news
Google Starts Using AI to Estimate User Ages,"In a move aimed at strengthening online protections for young users, Google announced today that it has begun rolling out a machine learning-based system, utilizing specialized artificial intelligence, to estimate the age of signed-in users in the United Stat…",https://petapixel.com/2025/07/30/google-starts-using-ai-to-estimate-user-ages/,2025-07-30T20:36:45Z,PetaPixel,news
"Impact Intelligence, addressing common objections",A guide for technology leaders and their teams to shift the organization's focus from productivity to business impact.,https://martinfowler.com/articles/impact-intel.html#objections,2025-08-12T13:02:00Z,Martinfowler.com,news
Some AI assembly required: This startup wants to make US manufacturing easier than following an Ikea manual,"Dirac, which has raised funding from Founders Fund and Coatue, automates machinery assembly instructions.",https://www.businessinsider.com/siemens-dirac-partnership-ai-machinery-assembly-coatue-funding-2025-8,2025-08-21T09:00:02Z,Business Insider,news
'Inference whales' are breaching AI coding startup business models,"AI coding services face surging costs from heavy users, forcing startups such as Anthropic and Cursor to adjust pricing and even business models.",https://www.businessinsider.com/inference-whales-threaten-ai-coding-startups-business-model-2025-8,2025-08-12T16:54:10Z,Business Insider,news
Artificial Intelligence and the Next Great Transformation,"We are entering the fourth era, the age of artificial intelligence. Artificial intelligence will drive global augmentation, collaboration, and disruption.",https://www.forbes.com/sites/chuckbrooks/2025/08/22/artificial-intelligence-and-the-next-great-transformation/,2025-08-22T13:34:22Z,Forbes,news
Porsche Wants To Get Into The Defense Industry,Germany's economic focus is starting to shift from its traditional automotive sector to its defense one.,https://www.jalopnik.com/1940292/porsche-wants-defense-industry/,2025-08-15T19:25:00Z,Jalopnik,news
Prime Minister of Sweden Dragged for Admitting He Uses ChatGPT to Help Him Make Decisions,This seems good.,https://gizmodo.com/prime-minister-of-sweden-dragged-for-admitting-he-uses-chatgpt-to-help-him-make-decisions-2000639765,2025-08-06T21:50:31Z,Gizmodo.com,news
Actions to improve impact intelligence,A guide for technology leaders and their teams to shift the organization's focus from productivity to business impact.,https://martinfowler.com/articles/impact-intel.html#ActionsToImproveImpactIntelligence,2025-08-07T13:20:00Z,Martinfowler.com,news
What If A.I. Doesn’t Get Much Better Than This?,"GPT-5, a new release from OpenAI, is the latest product to suggest that progress on large language models has stalled.",https://www.newyorker.com/culture/open-questions/what-if-ai-doesnt-get-much-better-than-this,2025-08-12T19:38:34Z,The New Yorker,news
This Plane Is Bigger than a 747. It Can Fly for Months on Its Own.,"Powered by 17,000 solar cells, the Skydweller is an autonomous drone capable of carrying out long-duration missions over seas and conflict zones.",https://www.popularmechanics.com/technology/a65502613/skydweller-drone/,2025-07-29T18:00:00Z,Popular Mechanics,news
The 5 Best-Performing Stocks Of 2025 So Far: See The Leaders,"Discover the five best-performing stocks of 2025 so far. See which market leaders are driving returns, dominating this year and may be a good investment opportunity.",https://www.forbes.com/sites/investor-hub/article/the-5-best-performing-stocks-of-2025-so-far/,2025-08-03T11:00:00Z,Forbes,news
Competitor Intelligence Analysis for Military Drones,"The Artificial Intelligence (AI) in Military Market is undergoing rapid transformation, with drones emerging as one of the most crucial...",https://www.marketsandmarkets.com/blog/AD/competitor-intelligence-analysis-for-military-drones,2 days ago,MarketsandMarkets,news
50 NEW Artificial Intelligence Statistics (July 2025),"Explore insightful and up-to-date statistics on artificial intelligence (AI) including market size, growth, business use, job risks & more.",https://explodingtopics.com/blog/ai-statistics,2 weeks ago,Exploding Topics,news
"Artificial Intelligence H1 2025 Global Report: Deal trends, fundraising, segment highlights, and market outlook","Despite uncertainty in global markets, AI remains a strategic priority among business executives, investors, and government,...",https://www.jdsupra.com/legalnews/artificial-intelligence-h1-2025-global-5601723/,1 week ago,JD Supra,news
McKinsey Technology Trends Outlook 2025,Which new technology will have the most impact in 2025 and beyond? Our annual analysis ranks the top tech trends that matter most for...,https://www.mckinsey.com/capabilities/mckinsey-digital/our-insights/the-top-trends-in-tech,1 month ago,McKinsey & Company,news
See what legal professionals say about the role of AI and law,"Get insights into how legal professionals view AI's impact on legal work - including its benefits, challenges, and where it's driving the...",https://legal.thomsonreuters.com/blog/how-ai-is-transforming-the-legal-profession/,1 week ago,Thomson Reuters Legal Solutions,news
Artificial Intelligence in E-Commerce Market Analysis 2025:,Press release - Coherent Market Insights Pvt. Ltd. - Artificial Intelligence in E-Commerce Market Analysis 2025: Emerging Business Trends...,https://www.openpr.com/news/4155477/artificial-intelligence-in-e-commerce-market-analysis-2025,6 days ago,openPR.com,news
"Maritime Artificial Intelligence Market | Industry Report, 2030",The global maritime artificial intelligence market size was estimated at USD 4321.1 million in 2024 and is projected to grow at a CAGR of 40.6% from 2025 to...,https://www.grandviewresearch.com/industry-analysis/maritime-artificial-intelligence-market-report,"May 7, 2025",Grand View Research,news
AI's Trillion-Dollar Impact: How Artificial Intelligence is Reshaping the Stock Market,"Artificial Intelligence (AI) is poised to deliver a transformative, multi-trillion-dollar impact on the stock market,...",https://markets.financialcontent.com/wral/article/marketminute-2025-8-25-ais-trillion-dollar-impact-how-artificial-intelligence-is-reshaping-the-stock-market,2 days ago,FinancialContent,news
"Artificial Intelligence In Manufacturing Market Size, Share [2032]",Adoption of Digital Twin Technology to Fuel Market Growth. AI is making precise manufacturing processes more feasible through enhanced...,https://www.fortunebusinessinsights.com/artificial-intelligence-ai-in-manufacturing-market-102824,1 week ago,Fortune Business Insights,news
"Artificial Intelligence Market Company Evaluation Report 2025 | NVIDIA, Microsoft, and Google Lead with Cutting-Edge Innovation, Strategic Partnerships, and Expansive Cloud-AI Ecosystems","The Artificial Intelligence Companies Quadrant provides in-depth analysis of the global AI market, identifying the top 29 leaders among over...",https://finance.yahoo.com/news/artificial-intelligence-market-company-evaluation-142700062.html,3 weeks ago,Yahoo Finance,news
"Artificial Intelligence (AI) in Manufacturing Market Size, Trends, Growth | 2034 Report",Global Artificial Intelligence (AI) in Manufacturing Market size is projected at USD 7.49 billion in 2025 and is expected to reach USD 27.25...,https://www.businessresearchinsights.com/market-reports/artificial-intelligence-ai-in-manufacturing-market-125608,1 week ago,Business Research Insights,news
$5.26 Tn Artificial Intelligence (AI) Market Trends and,"The global artificial intelligence market is projected to surge from USD 273.6 billion in 2023 to USD 5.26 trillion by 2035, at a CAGR of 30.84%.",https://www.globenewswire.com/news-release/2025/06/16/3099615/28124/en/5-26-Tn-Artificial-Intelligence-AI-Market-Trends-and-Global-Forecasts-to-2035-BFSI-Sector-Leads-as-AI-Revolutionizes-Financial-Services-Healthcare-on-the-Rise.html,"Jun 16, 2025",GlobeNewswire,news
The 2025 AI Index Report,"The AI Index offers one of the most comprehensive, data-driven views of artificial intelligence. Recognized as a trusted resource by global media, governments,...",https://hai.stanford.edu/ai-index/2025-ai-index-report,"Apr 6, 2025",Stanford HAI,news
Artificial Intelligence (AI) in Packaging Design Market 2025-2034,"Artificial Intelligence (AI) in Packaging Design Market Size, Share & Trends Analysis Report By Application (Packaging Structure Design,...",https://www.insightaceanalytic.com/report/artificial-intelligence-ai-in-packaging-design-market-size-share--trends-analysis-report-by-application-packaging-structure-design-packaging-functionalities-optimization-labeling-and-branding-design-sustainability-and-eco-friendly-packaging-by-industry-vertical-food-and-beverage-consumer-electronics-healthcare-and-pharmaceuticals-personal-care-and-beauty-by-technology-by-end-user-by-region-and-by-segment-forecasts-2025-2034/2994,"Apr 28, 2025",InsightAce Analytic,news
"Banking Industry Trends: How Digitization, Data, and AI Are Redefining the US Banking Landscape","Advanced capabilities in digitization, data analytics, automation, and artificial intelligence have a profound impact on US banks and the entire financial-...",https://www.morningstar.com/stocks/banking-industry-trends-how-digitization-data-ai-are-redefining-us-banking-landscape,"Jun 12, 2025",Morningstar,news
"High Performance Computing Market Size, Growth Report [2032]",Integration of AI in HPC Systems to Increase Technological Advancements is a Key Trend. Integrating AI and high performance computing is...,https://www.fortunebusinessinsights.com/industry-reports/high-performance-computing-hpc-and-high-performance-data-analytics-hpda-market-100636,2 weeks ago,Fortune Business Insights,news
"AI in Tourism Market Size & Share | Industry Report, 2030","AI in Tourism Market Size, Share & Trends Analysis Report By Offering (Solution, Services), By End Use (Transportation & Mobility Services,...",https://www.grandviewresearch.com/industry-analysis/artificial-intelligence-ai-tourism-market-report,"Apr 10, 2025",Grand View Research,news
Top 16 Competitive Intelligence Tools for SEO & Market Research,A competitive intelligence tool makes it easy to see data points and market insights that help you make informed decisions.,https://explodingtopics.com/blog/competitive-analysis-tools,"May 21, 2025",Exploding Topics,news
"Storage Area Artificial Intelligence Network Market Report, 2030",The global storage area artificial intelligence (ai) network market size was estimated at USD 16234.0 million in 2024 and is projected to reach USD 60205.1...,https://www.grandviewresearch.com/industry-analysis/storage-area-artificial-intelligence-network-market-report,"Jan 22, 2025",Grand View Research,news
"Beauty Tech Market Size And Share | Industry Report, 2030","Beauty Tech Market Size, Share & Trends Analysis Report By Technology (Artificial Intelligence (AI), Augmented Reality (AR)), By Product Category (Skincare...",https://www.grandviewresearch.com/industry-analysis/beauty-tech-market-report,"Apr 8, 2025",Grand View Research,news
AI Trends in the Food and Beverage Industry,"June 27, 2025 – Brands are beginning to unlock the full power of artificial intelligence (AI), moving from infinite capabilities to concrete applications...",https://www.innovamarketinsights.com/trends/ai-trends-in-the-food-and-beverage-industry/,"May 14, 2025",Innova Market Insights,news
Top AI Trends 2025: Key Developments to Watch,"In this blog, we'll explore the top artificial intelligence trends 2025 while uncovering the latest market statistics and revealing their transformative impact...",https://appinventiv.com/blog/ai-trends/,3 weeks ago,Appinventiv,news
The Rise of AI in Construction,"When most people hear artificial intelligence (AI) or machine learning, the last thing they think of is technology with a human touch.",https://www.autodesk.com/blogs/construction/ai-construction/,2 weeks ago,Autodesk,news
Global AI market size 2031,"The market for artificial intelligence grew beyond *** billion US dollars in 2025, a considerable jump of nearly ** billion compared to 2023.",https://www.statista.com/forecasts/1474143/global-ai-market-size,"Jun 23, 2025",Statista,news
"Artificial Intelligence Market Outlook 2025: Strategy, Growth Forecast & Enterprise Opportunity","Explore the 2025 Artificial Intelligence Market size, growth forecast, use cases, vendor analysis & AI trends across industries.",https://www.marketsandmarkets.com/blog/ICT/artificial-intelligence-market,"May 27, 2025",MarketsandMarkets,news
UK Artificial Intelligence (AI) Statistics And Trends In 2025,The rapidly growing field of artificial intelligence (AI) has the potential to revolutionise our lives. With AI already powering everything...,https://www.forbes.com/uk/advisor/business/software/uk-artificial-intelligence-ai-statistics/,2 weeks ago,Forbes,news
"Growth Trends and Developments in the Artificial Intelligence (AI) Industry, 2025-2033 - Featuring Microsoft, IBM, Amazon, Baidu, Nvidia, Oracle, HPE, Intel, Salesforce, and Alphabet","The Artificial Intelligence (AI) market globally is expected to grow at a huge rate, reaching US$2.53 trillion by 2033 from US$184.15 billion in 2024.",https://www.globenewswire.com/news-release/2025/01/27/3015780/28124/en/Growth-Trends-and-Developments-in-the-Artificial-Intelligence-AI-Industry-2025-2033-Featuring-Microsoft-IBM-Amazon-Baidu-Nvidia-Oracle-HPE-Intel-Salesforce-and-Alphabet.html,"Jan 27, 2025",GlobeNewswire,news
"Artificial Intelligence Market Size Worth USD 3,680.47 Bn By 2034","According to Precedence Research, the global artificial intelligence market size is expected to be worth USD 3680.47 billion by 2034,...",https://www.globenewswire.com/news-release/2025/06/19/3102350/0/en/Artificial-Intelligence-Market-Size-Worth-USD-3-680-47-Bn-By-2034.html,"Jun 19, 2025",GlobeNewswire,news
Artificial Intelligence (AI) In Animal Health Market -,"Innovative AI technologies are reshaping veterinary medicine and animal care by enhancing diagnostics, disease management, and personalized...",https://www.globenewswire.com/news-release/2025/04/17/3063263/28124/en/Artificial-Intelligence-AI-In-Animal-Health-Market-Global-Industry-Size-Share-Trends-Opportunity-and-Forecast-2020-2030F.html,"Apr 17, 2025",GlobeNewswire,news
Artificial intelligence - implications for real estate,Our latest research report examines the implications of AI for real estate and provides insights into how investor and occupier AI strategies will transform...,https://www.jll.com/en-us/insights/artificial-intelligence-and-its-implications-for-real-estate,"Mar 29, 2025",JLL,news
"Artificial Intelligence (AI) Market Size, Share, Trends & Forecast 2032",Artificial Intelligence (AI) Market size is projected to showcase a CAGR of over 29.6% from 2025 to 2032 and is anticipated to surpass USD 2291.1 Billion by...,https://www.skyquestt.com/report/artificial-intelligence-ai-market,"May 29, 2025",SkyQuest Technology,news
Is AI closing the door on entry-level job opportunities?,"AI is reshaping the career ladder, putting entry-level roles at risk while widening global talent pools. Here's the job news to know,...",https://www.weforum.org/stories/2025/04/ai-jobs-international-workers-day/,"Apr 30, 2025",The World Economic Forum,news
The state of AI: How organizations are rewiring to capture value,"In this latest version of the annual McKinsey Global Survey on AI, we look at the current trends that are driving real value from artificial...",https://www.mckinsey.com/capabilities/quantumblack/our-insights/the-state-of-ai,"Mar 12, 2025",McKinsey & Company,news
Competitive Intelligence Tools Strategic Business Report 2024-2030: Expansion of CI Tools in SMEs and Emerging Markets Fueling the Global $96 Billion Market,"The global market for Competitive Intelligence Tools was estimated at US$53.2 Billion in 2023 and is projected to reach US$96.0 Billion by 2030, growing at a...",https://www.globenewswire.com/news-release/2025/01/13/3008676/28124/en/Competitive-Intelligence-Tools-Strategic-Business-Report-2024-2030-Expansion-of-CI-Tools-in-SMEs-and-Emerging-Markets-Fueling-the-Global-96-Billion-Market.html,"Jan 13, 2025",GlobeNewswire,news
Artificial Intelligence Market Report 2025: Key Data & Innovations,"Explore the StartUs Insights Artificial Intelligence Market Report 2025, covering key market data, technology trends, and innovative...",https://www.startus-insights.com/innovators-guide/artificial-intelligence-market-report/,"May 30, 2025",StartUs Insights,news
"Artificial Intelligence Market to Grow at 36.6% CAGR to Garner $1,811.75 Billion by 2030 - Grand View Research, Inc.","The global artificial intelligence market size is expected to reach USD 1811.75 billion by 2030, growing at a CAGR of 36.6% between 2024 and...",https://finance.yahoo.com/news/artificial-intelligence-market-grow-36-150100038.html,"Mar 5, 2025",Yahoo Finance,news
2024 Technology Industry Outlook,Our 2024 technology industry outlook explores the biggest trends and priorities for the tech market over the next year.,https://www.deloitte.com/us/en/Industries/tmt/articles/technology-industry-outlook.html,"Jun 18, 2025",Deloitte,news
"Artificial Intelligence in Cybersecurity Market Size, Share, Trends & Drivers, 2032","The global artificial intelligence in cybersecurity market size is projected to grow from $34.10 billion in 2025 to $234.64 billion by 2032,...",https://www.fortunebusinessinsights.com/artificial-intelligence-in-cybersecurity-market-113125,"Jun 24, 2025",Fortune Business Insights,news
AI’s Next Leap: 5 Trends Shaping Innovation and ROI,"Learn what execs from the biggest tech companies shared about pioneering AI advancements in reasoning, frontier models and targeting ROI for...",https://www.morganstanley.com/insights/articles/ai-trends-reasoning-frontier-models-2025-tmt,"Mar 20, 2025",Morgan Stanley,news
"Artificial Intelligence Skyrocketing, Shaking the Market with $3,680.47 Bn by 2034",The worldwide artificial intelligence market has been evaluated at USD 757.58 billion in 2024 and is forecasted to reach around USD 3680.47...,https://www.globenewswire.com/news-release/2025/02/11/3024340/0/en/Artificial-Intelligence-Skyrocketing-Shaking-the-Market-with-3-680-47-Bn-by-2034.html,"Feb 11, 2025",GlobeNewswire,news
Is AI already shaking up labor market?,A new paper by Harvard economists David Deming and Lawrence H. Summers offers early evidence of artificial intelligence shaking up the workforce.,https://news.harvard.edu/gazette/story/2025/02/is-ai-already-shaking-up-labor-market-a-i-artificial-intelligence/,"Feb 14, 2025",Harvard Gazette,news
Open-Source Intelligence Market 2030 Industry Trends & Size Forecast Report,"Introduction. According to industry evaluations, the Global Open-Source Intelligence Market Size was valued at USD 10.2 billion in 2023 and...",https://blog.libero.it/wp/dhama/2025/08/27/open-source-intelligence-market-2030-industry-trends-size-forecast-report/,1 day ago,blog.libero.it,news
Artificial intelligence in agriculture: Unveiling trends in supply chain advancements,"The study examines global collaboration in AI-driven agriculture and explores AI and machine learning (ML) applications across pre-production, production, and...",https://www.sciencedirect.com/science/article/pii/S2666188825002758,"May 21, 2025",ScienceDirect.com,news
6 EdTech AI trends: How artificial intelligence is reshaping education,"... APR 2025 in Announcements, Artificial Intelligence, Best Practices, EdTechs, Education, Generative AI, Higher education, Public Sector...",https://aws.amazon.com/blogs/publicsector/6-edtech-ai-trends-how-artificial-intelligence-is-reshaping-education/,"Apr 21, 2025",Amazon Web Services,news
Artificial Intelligence (AI) in Healthcare Market Size to Hit USD 613.81 Bn by 2034,"The global artificial intelligence (AI) in healthcare market size is estimated to hit approximately USD 613.81 billion by 2034, up from USD...",https://www.globenewswire.com/news-release/2025/04/02/3054390/0/en/Artificial-Intelligence-AI-in-Healthcare-Market-Size-to-Hit-USD-613-81-Bn-by-2034.html,"Apr 2, 2025",GlobeNewswire,news
Tech Trends 2025,"In Deloitte's 16th annual Tech Trends report, AI is the common thread of nearly every trend. Moving forward, it will be part of the...",https://www.deloitte.com/us/en/insights/topics/technology-management/tech-trends.html,"Dec 11, 2024",Deloitte,news
AI Trends Outlook,"To understand where you're going, it's helpful to consider where you've been. Artificial intelligence (AI) is the transformative technology of our era and...",https://www.deloitte.com/us/en/what-we-do/capabilities/applied-artificial-intelligence/articles/ai-trends.html,"Jun 18, 2025",Deloitte,news
Artificial Intelligence and Machine Learning Job Trends in 2025,"The expanding AI and ML job market offers a wide range of career opportunities, from machine learning engineers and data scientists to AI research scientists.",https://www.simplilearn.com/rise-of-ai-and-machine-learning-job-trends-article,"Jun 9, 2025",Simplilearn.com,news
"France Artificial Intelligence (AI) Market Size, Industry Growth - 2035","As per MRFR analysis, France Artificial Intelligence Market Size was estimated at 159.69 (USD Million) in 2024.The France Artificial Intelligence Market...",https://www.marketresearchfuture.com/reports/france-artificial-intelligence-market-44638,"Mar 26, 2025",Market Research Future,news
"Machine Translation Market to Grow by USD 1.23 Billion from 2024-2028, Rising Demand for Content Localization Boosts Growth, Report with the AI Impact on Market Trends - Technavio",PRNewswire/ -- Report on how AI is redefining market landscape - The global machine translation market size is estimated to grow by USD 1.23...,https://www.prnewswire.com/news-releases/machine-translation-market-to-grow-by-usd-1-23-billion-from-2024-2028--rising-demand-for-content-localization-boosts-growth-report-with-the-ai-impact-on-market-trends---technavio-302366334.html,"Feb 4, 2025",PR Newswire,news
"Artificial Intelligence of Things (AIoT) Market Report, 2030",The global artificial intelligence of things (AIoT) market size was estimated at USD 171.4 million in 2024 and is projected to reach USD 896.8 million by 2030.,https://www.grandviewresearch.com/industry-analysis/artificial-intelligence-of-things-aiot-market-report,"Jan 16, 2025",Grand View Research,news
AI integration in financial services: a systematic review of trends and regulatory challenges,"The integration of Artificial Intelligence (AI) into financial services represents a developmental shift in the industry,...",https://www.nature.com/articles/s41599-025-04850-8,"Apr 22, 2025",Nature,news
Competitive intelligence: How to find insights on social & beyond,"Competitive intelligence is collecting data and insights about your competitors, industry, market, and customers from multiple sources.",https://blog.hootsuite.com/competitive-intelligence/,"Dec 13, 2024",Hootsuite Blog,news
Global construction market intelligence 2025,"Our Global construction market intelligence report brings together data, industry insights and experience, covering 99 construction markets.",https://www.turnerandtownsend.com/insights/global-construction-market-intelligence-2025/,1 month ago,Turner & Townsend,news
"Artificial intelligence-driven pharmaceutical industry: A paradigm shift in drug discovery, formulation development, manufacturing, quality control, and post-market surveillance",This comprehensive review examines the multifaceted impact of AI-driven technologies on all stages of the pharmaceutical life cycle.,https://www.sciencedirect.com/science/article/pii/S0928098724002513,"Dec 1, 2024",ScienceDirect.com,news
Artificial Intelligence for Real Estate - Services,JLL Falcon is the industry-leading artificial intelligence platform in commercial real estate that amplifies decision-making and generates solutions and...,https://www.jll.com/en-us/services/technology/artificial-intelligence,"Mar 29, 2025",JLL,news
AI in Real Estate: 16 Game-Changing Use Cases & Examples,"The first of the many applications of AI in the real estate market occurred in 2018, acquiring two properties in Philadelphia for $26...",https://appinventiv.com/blog/ai-in-real-estate/,1 month ago,Appinventiv,news
"Agentic AI Market Size, Share, Trends | CAGR of 43.8%","Agentic AI Market is estimated to reach USD 196.6 billion By 2034, Riding on a Strong 43.8% CAGR throughout the forecast period.",https://market.us/report/agentic-ai-market/,"Jan 30, 2025",Market.us,news
"AI Inference Market Size And Trends | Industry Report, 2030","AI Inference Market Size, Share & Trends Analysis Report By Memory (HBM, DDR), By Compute, By Application (Generative AI, Machine Learning, Natural Language...",https://www.grandviewresearch.com/industry-analysis/artificial-intelligence-ai-inference-market-report,"May 29, 2025",Grand View Research,news
Future of Business Intelligence: Insights and Innovations Shaping 2025 and Beyond,"This article covers future trends in business intelligence software, including tools that can help you better handle data insights.",https://www.netguru.com/blog/future-of-business-intelligence,1 month ago,Netguru,news
FSI Predictions 2025,Deloitte's FSI Predictions reveals how emerging trends are impacting the future of financial services.,https://www.deloitte.com/us/en/insights/industry/financial-services/financial-services-industry-predictions.html,"Apr 24, 2025",Deloitte,news
"Artificial Intelligence in Wound Care Market Analysis, 2025-2030 - Revenues to Grow from $3.32 Billion in 2025 to $7.65 Billion in 2030, at a CAGR of 18.17%","KroniKare Pte. Ltd., Swift Medical, Wound Vision, EKare Inc., and Healthy.io Lead the Competition...",https://www.globenewswire.com/news-release/2025/02/13/3025671/28124/en/Artificial-Intelligence-in-Wound-Care-Market-Analysis-2025-2030-Revenues-to-Grow-from-3-32-Billion-in-2025-to-7-65-Billion-in-2030-at-a-CAGR-of-18-17.html,"Feb 13, 2025",GlobeNewswire,news
Investment companies can use AI responsibly to gain an edge,"In our rapidly evolving world artificial intelligence (AI) is transforming how investments are made, managed and optimized.",https://www.weforum.org/stories/2025/02/ai-redefine-investment-strategy-generate-value-financial-firms/,"Feb 4, 2025",The World Economic Forum,news
"Artificial Intelligence Robots Market Size, Share | Forecast [2032]",Rise of Collaborative Robots and Innovations in AI Technologies Transform the Market. A prominent trend in the AI robots market is the growing adoption of...,https://www.fortunebusinessinsights.com/artificial-intelligence-robots-market-111519,"Mar 17, 2025",Fortune Business Insights,news
5 Trends to Watch in 2025: AI and the Israeli Market,Five Artificial Intelligence AI trends in the Israeli market to keep an eye on in 2025 including mergers and acquisitions and Intersection...,https://natlawreview.com/article/5-trends-watch-2025-ai-and-israeli-market,"Jan 25, 2025",The National Law Review,news
Future of Jobs Report 2025: The jobs of the future – and the skills you need to get them,About 170 million new jobs will be created by global macro trends this decade. That's according to a new report from the World Economic...,https://www.weforum.org/stories/2025/01/future-of-jobs-report-2025-jobs-of-the-future-and-the-skills-you-need-to-get-them/,"Jan 8, 2025",The World Economic Forum,news
What is artificial intelligence (AI) in finance?,"AI in finance is the use of technology, including advanced algorithms and ML, to analyze data, automate tasks and improve decision-making in financial...",https://www.ibm.com/think/topics/artificial-intelligence-finance,"Dec 23, 2024",IBM,news
"Artificial Intelligence (AI) Chips Market to Grow by USD 902.65 Billion (2025-2029), Focus on AI Chips for Smartphones Drives Growth, Report with AI Trends - Technavio",PRNewswire/ -- Report on how AI is redefining market landscape - The global artificial intelligence (AI) chips market size is estimated to...,https://www.prnewswire.com/news-releases/artificial-intelligence-ai-chips-market-to-grow-by-usd-902-65-billion-2025-2029-focus-on-ai-chips-for-smartphones-drives-growth-report-with-ai-trends---technavio-302358946.html,"Jan 24, 2025",PR Newswire,news
Synergizing artificial intelligence and probiotics: A comprehensive review of emerging applications in health promotion and industrial innovation,"This review explores the intersection of AI and probiotics, focusing on AI-powered machine learning models that revolutionize strain screening, biomarker...",https://www.sciencedirect.com/science/article/abs/pii/S0924224425000743,"Feb 25, 2025",ScienceDirect.com,news
2024 Sports Industry Outlook,"As the global sports industry continues to navigate a period of massive transformation, explore five of the biggest sports industry trends for 2024.",https://www.deloitte.com/us/en/Industries/tmt/articles/sports-business-trends-disruption.html,"Jun 18, 2025",Deloitte,news
"Artificial Intelligence in Banking Market Size, Growth & Trends Report by 2033","The global artificial intelligence in banking market revenue is projected to grow from USD 31.29 billion in 2025 to USD 299.09 billion by 2033, exhibiting a...",https://straitsresearch.com/report/artificial-intelligence-in-banking-market,"Apr 3, 2025",Straits Research,news
Generative Artificial Intelligence (GenAI) in Marketing,"Understand the significant growth trajectory of the Generative AI in Marketing Software segment, which is expected to reach US$16.3 Billion...",https://www.globenewswire.com/news-release/2025/01/29/3017205/28124/en/Generative-Artificial-Intelligence-GenAI-in-Marketing-Business-Analysis-Report-2024-2030-Market-to-Grow-by-22-3-Billion-Expanding-Opportunities-in-Voice-Search-and-Conversational-M.html,"Jan 29, 2025",GlobeNewswire,news
An analysis of artificial intelligence automation in digital music streaming platforms for improving consumer subscription responses: a review,The rapid adoption and evolving nature of artificial intelligence (AI) is playing a significant role in shaping the music streaming industry...,https://www.frontiersin.org/journals/artificial-intelligence/articles/10.3389/frai.2024.1515716/full,"Jan 14, 2025",Frontiers,news
Examining the integration of artificial intelligence in supply chain management from Industry 4.0 to 6.0: a systematic literature review,This study examines the integration of Artificial Intelligence (AI) in supply chain management (SCM) during the transition from Industry 4.0 to Industry 6.0.,https://www.frontiersin.org/journals/artificial-intelligence/articles/10.3389/frai.2024.1477044/full,"Jan 19, 2025",Frontiers,news
Artificial Intelligence In Precision Medicine Market to Reach USD 37.60 Bn to 2034,"According to the latest research by Nova one advisor, the global artificial intelligence In precision medicine market is valued at USD 1.75...",https://www.biospace.com/press-releases/artificial-intelligence-in-precision-medicine-market-to-reach-usd-37-60-bn-to-2034,"Dec 18, 2024",BioSpace,news
"Artificial Intelligence (AI) in Healthcare Market Overview 2032 | Trends, Share & Global Outlook",Global Artificial Intelligence (AI) in Healthcare Market size was valued at USD 20.0 billion in 2023 and is poised to grow from USD 27.46 billion in 2024 to...,https://www.skyquestt.com/report/artificial-intelligence-ai-in-healthcare-market,"Jun 5, 2025",SkyQuest Technology,news
Artificial Intelligence Market Report [2031]- Size & Trends,"Artificial Intelligence Market size is projected to reach USD 2280.78 billion by 2031 from USD 277.41 billion in 2024, exhibiting a CAGR of 35.12%.",https://www.kingsresearch.com/artificial-intelligence-market-1187,"Jan 16, 2025",Kings Research,news
"AI Companion Market Size And Share | Industry Report, 2030","AI Companion Market Size, Share & Trends Analysis Report By Type (Text-based, Voice-based, Multi-modal), By Application (Mental Health Support,...",https://www.grandviewresearch.com/industry-analysis/ai-companion-market-report,"Feb 11, 2025",Grand View Research,news
2025 Renewable Energy Industry Outlook,"Demand growth is a rising tide that lifts all boats, and it especially lifted renewable ones in 2024. Renewables were already buoyed by...",https://www.deloitte.com/us/en/insights/industry/renewable-energy/renewable-energy-industry-outlook.html,"Dec 9, 2024",Deloitte,news
Artificial Intelligence Transforming the Travel Industry: A Data-Driven Revolution,"The travel industry is undergoing a profound transformation, driven by the rapid integration of Artificial Intelligence (AI).",https://www.globenewswire.com/news-release/2025/04/11/3060170/0/en/Artificial-Intelligence-Transforming-the-Travel-Industry-A-Data-Driven-Revolution.html,"Apr 11, 2025",GlobeNewswire,news
"Customer Intelligence Platform Market Size, Growth Trends 2032","The customer intelligence platform market size crossed USD 2.1 billion in 2023 and is estimated to expand at over 24.1% CAGR from 2024 to 2032,...",https://www.gminsights.com/industry-analysis/customer-intelligence-platform-market,"Oct 9, 2024",Global Market Insights,news
Artificial Intelligence (AI) Robots Market to Reach USD,"Austin, Feb. 07, 2025 (GLOBE NEWSWIRE) -- Artificial Intelligence Robots Market Size & Growth Insights: According to the SNS Insider,...",https://www.globenewswire.com/news-release/2025/02/07/3022825/0/en/Artificial-Intelligence-AI-Robots-Market-to-Reach-USD-89-57-Billion-by-2032-at-29-46-CAGR-Research-by-SNS-Insider.html,"Feb 7, 2025",GlobeNewswire,news
2025 AI Trends Driving the Biggest Tech Transformations Today,"AI is set to reshape the tech landscape in 2025, driving breakthroughs in enterprise IT, automation, cybersecurity, and software development.",https://www.eweek.com/artificial-intelligence/ai-trends/,"Feb 21, 2025",eWeek,news
"Artificial Intelligence in Healthcare Market [2024-2035]: Trends, Competitive Landscape, and Future Outlook","Market OverviewThe Global Artificial Intelligence in Healthcare Market is revolutionizing the industry by enhancing diagnostic accuracy,...",https://www.pharmiweb.com/press-release/2025-02-14/artificial-intelligence-in-healthcare-market-2024-2035-trends-competitive-landscape-and-future-outlook,"Feb 14, 2025",PharmiWeb.com,news
"Artificial Intelligence (AI) in Biotechnology Market Size to Hit USD 20,036 Million by 2034",The global artificial intelligence (AI) in biotechnology market size is calculated at USD 2835 million in 2024 and is expected to reach...,https://finance.yahoo.com/news/artificial-intelligence-ai-biotechnology-market-150600010.html,"Feb 12, 2025",Yahoo Finance,news
"Artificial Intelligence (AI) in Biotechnology Market Size to Hit USD 20,036 Million by 2034",The global artificial intelligence (AI) in biotechnology market size is calculated at USD 2835 million in 2024 and is expected to reach...,https://www.globenewswire.com/news-release/2025/02/12/3025185/0/en/Artificial-Intelligence-AI-in-Biotechnology-Market-Size-to-Hit-USD-20-036-Million-by-2034.html,"Feb 12, 2025",GlobeNewswire,news
AI power: Expanding data center capacity to meet growing demand,Our analysis suggests that demand for AI-ready data center capacity will rise at an average rate of 33 percent a year between 2023 and 2030 in a midrange...,https://www.mckinsey.com/industries/technology-media-and-telecommunications/our-insights/ai-power-expanding-data-center-capacity-to-meet-growing-demand,"Oct 29, 2024",McKinsey & Company,news
Artificial Intelligence in Healthcare Industry Unlocking,"The Artificial Intelligence in Healthcare Market is rapidly growing, driven by advancements in machine learning, big data analytics,...",https://www.globenewswire.com/news-release/2025/01/13/3008080/0/en/Artificial-Intelligence-in-Healthcare-Industry-Unlocking-New-Horizons-in-Patient-Care-and-Cost-Efficiency-at-a-CAGR-of-18-2-between-2025-and-2035-Future-Market-Insights-Inc.html,"Jan 12, 2025",GlobeNewswire,news
"Artificial Intelligence (AI) Semiconductor Market to Hit USD 174.48 Billion by 2032, at a CAGR of 15.2% | SNS Insider","The AI Semiconductor Market is growing with demand for AI-powered chip design, automation, and edge computing, driven by advancements in 5G,...",https://www.globenewswire.com/news-release/2025/02/28/3034818/0/en/Artificial-Intelligence-AI-Semiconductor-Market-to-Hit-USD-174-48-Billion-by-2032-at-a-CAGR-of-15-2-SNS-Insider.html,"Feb 28, 2025",GlobeNewswire,news
"Future of Robotics Size, Share, Industry, 2025 To 2030","The future of robotics is set to revolutionize industries and everyday life, driven by rapid technological advancements. As robots become more intelligent...",https://www.marketsandmarkets.com/Market-Reports/future-robotics-56928872.html,"Jan 7, 2025",MarketsandMarkets,news
How AI Is Transforming the Real Estate Landscape,"Discover how AI is revolutionizing the real estate industry, enhancing property valuation, predictive analytics, and customer service.",https://www.netguru.com/blog/artificial-intelligence-real-estate,"May 8, 2025",Netguru,news
"$164 Bn Artificial Intelligence (AI) in Healthcare Markets - Global Forecast to 2030: Market to Grow at a CAGR of 49.1% with Koninklijke Philips, Microsoft, Siemens, NVIDIA, and Epic Systems Dominating","The global Artificial Intelligence (AI) in healthcare market is projected to reach USD 164.16 billion by 2030 from USD 14.92 billion in 2024, at a CAGR of 49.1...",https://www.globenewswire.com/news-release/2025/01/14/3009462/28124/en/164-Bn-Artificial-Intelligence-AI-in-Healthcare-Markets-Global-Forecast-to-2030-Market-to-Grow-at-a-CAGR-of-49-1-with-Koninklijke-Philips-Microsoft-Siemens-NVIDIA-and-Epic-Systems-.html,"Jan 14, 2025",GlobeNewswire,news
8 Trends That Will Shape the Data Center Industry In 2025,"Each January, DCF identifies eight themes that may shape the data center sector. Our Magic 8-Ball has been pretty accurate in recent years,...",https://www.datacenterfrontier.com/cloud/article/55253151/8-trends-that-will-shape-the-data-center-industry-in-2025,"Jan 6, 2025",Data Center Frontier,news
AI Job Market 2025: Trends and Opportunities Across the US,"Artificial intelligence (AI) tools and services are evolving rapidly. While nobody can tell you what the future will actually hold for AI,...",https://www.dice.com/career-advice/artificial-intelligence-a-i-job-market-small-but-growing-in-many-states,"Jan 30, 2025",Dice,news
(PDF) Artificial Intelligence in Agriculture Market 2025 Trends,"This rapidly evolving sector is projected to achieve a valuation of USD 11.2 Billion by 2031, representing a robust compound annual growth rate (CAGR) of 24.8%...",https://www.researchgate.net/publication/390694604_Artificial_Intelligence_in_Agriculture_Market_2025_Trends,"Apr 12, 2025",ResearchGate,news
AI Business Analyst: A Critical Role for Success in 2025,An AI business analyst is a professional who integrates the technical aspects of artificial intelligence with the strategic needs of a business.,https://www.simplilearn.com/ai-business-analyst-article,3 weeks ago,Simplilearn.com,news
25 New Technology Trends for 2025,"Stay ahead of the curve with the latest technology trends! Explore cutting-edge innovations shaping our world, from AI to blockchain.",https://www.simplilearn.com/top-technology-trends-and-jobs-article,1 month ago,Simplilearn.com,news
"Artificial Intelligence Market Size Projected to Hit USD 3,680.47 Bn by 2034",The global artificial intelligence market size was valued at USD 638.23 billion in 2024 and is projected to hit around USD 3680.47 billion...,https://www.globenewswire.com/news-release/2024/11/07/2976909/0/en/Artificial-Intelligence-Market-Size-Projected-to-Hit-USD-3-680-47-Bn-by-2034.html,"Nov 7, 2024",GlobeNewswire,news
Artificial Intelligence in Military Market Trends 2025-2035,Learn how AI is transforming military operations with smart defense systems and automation.,https://www.futuremarketinsights.com/reports/artificial-intelligence-in-military-market,"Mar 6, 2025",Future Market Insights,news
Artificial intelligence in education: A systematic literature review,"The extant AIED research spans a wide spectrum of applications, encompassing those for adaptive learning and personalized tutoring, intelligent assessment and...",https://www.sciencedirect.com/science/article/pii/S0957417424010339,"Oct 15, 2024",ScienceDirect.com,news
@legend_carloss Trader | Investor | Sharing market insights &amp; anal...,"@legend_carloss Trader | Investor | Sharing market insights &amp; analysis | Follow for updates &amp; Mentorship!

                DM ~👇👇
🔥Head to @James_Wynn_Rael
🔥 Click on the 📌PINNED POST or Link on BIO to join James Wynn's Telegram group",https://twitter.com/i/web/status/1961022800241610917,2025-08-28 11:07:24+00:00,Twitter,tweet
RT @wilfred_solii: @On_Veera stands out with its user-friendly interfa...,"RT @wilfred_solii: @On_Veera stands out with its user-friendly interface, making crypto trading accessible to everyone.

It offers top-tier…",https://twitter.com/i/web/status/1961022798362444273,2025-08-28 11:07:23+00:00,Twitter,tweet
"RT @JimmyJayLeal: https://t.co/5O9nP128Rj $1,500,000
change how the wo...","RT @JimmyJayLeal: https://t.co/5O9nP128Rj $1,500,000
change how the world watches tv with artificial intelligence.
@nealmohan https://t.co/…",https://twitter.com/i/web/status/1961022789533446283,2025-08-28 11:07:21+00:00,Twitter,tweet
@PwrPuff_Monkey The field of artificial intelligence is evolving at a ...,"@PwrPuff_Monkey The field of artificial intelligence is evolving at a rapid pace, with advancements being made in areas such as machine learning and neural networks.",https://twitter.com/i/web/status/1961022777575510104,2025-08-28 11:07:18+00:00,Twitter,tweet
"@BharatP82383 ""🚀 Join My Telegram! 💰 Get free access to top trading st...","@BharatP82383 ""🚀 Join My Telegram! 💰 Get free access to top trading strategies, market insights, daily profitable trades, and more! 📈💡 85% of followers earn &amp; grow to $100K! 
Click the link in my bio or pinned post to join
👇👇
@Bitcoioinhabebe",https://twitter.com/i/web/status/1961022759934345256,2025-08-28 11:07:14+00:00,Twitter,tweet
@Gfs_Ninja4 Say hi 👋 to Join my Telegram channel for expert market vie...,"@Gfs_Ninja4 Say hi 👋 to Join my Telegram channel for expert market views, technical insights, and regular trade updates.

Click here and my pinned tweet to join now

👇⬇️⬇️👇

{{@LennagertSnyder}}",https://twitter.com/i/web/status/1961022754682974587,2025-08-28 11:07:13+00:00,Twitter,tweet
RT @nexta_tv: Researchers have discovered the first virus created usin...,"RT @nexta_tv: Researchers have discovered the first virus created using AI.

ESET Research Labs announced the discovery of the first ransom…",https://twitter.com/i/web/status/1961022740980179332,2025-08-28 11:07:10+00:00,Twitter,tweet
"10 Free AI Courses to Learn About Artificial Intelligence
https://t.co...","10 Free AI Courses to Learn About Artificial Intelligence
https://t.co/p4ME8cCD4y https://t.co/6fF60tnTSA",https://twitter.com/i/web/status/1961022736651743332,2025-08-28 11:07:09+00:00,Twitter,tweet
@TedPillows Say hi 👋 to Join my Telegram channel for expert market vie...,"@TedPillows Say hi 👋 to Join my Telegram channel for expert market views, technical insights, and regular trade updates.

Click here and my pinned tweet to join now

👇⬇️⬇️👇

{{@LennagertSnyder}}",https://twitter.com/i/web/status/1961022734441263439,2025-08-28 11:07:08+00:00,Twitter,tweet
"The Pakistan Stock Exchange closed with the index settling at 147,343....","The Pakistan Stock Exchange closed with the index settling at 147,343.50, down by 150.53 points (-0.1%). A solid finish as we ring the closing bell for July. Stay tuned with FPSMU for reliable market updates and insights.

Message us now: +92 335 7727729 / +92 329 8374057

#psmu https://t.co/CBWYbncj5k",https://twitter.com/i/web/status/1961022705983230257,2025-08-28 11:07:01+00:00,Twitter,tweet
@s0meone_u_know Good morning. Acknowledging the commitment of dedicate...,@s0meone_u_know Good morning. Acknowledging the commitment of dedicated participants in the crypto space is essential. Their insights and actions contribute significantly to market dynamics and overall adoption.,https://twitter.com/i/web/status/1961022689851683029,2025-08-28 11:06:57+00:00,Twitter,tweet
https://t.co/dz233LtUN2...,https://t.co/dz233LtUN2,https://twitter.com/i/web/status/1961022689071820911,2025-08-28 11:06:57+00:00,Twitter,tweet
@JohnTweets2000 @LennaertSnyder Say hi 👋 to Join my Telegram channel f...,"@JohnTweets2000 @LennaertSnyder Say hi 👋 to Join my Telegram channel for expert market views, technical insights, and regular trade updates.

Click here and my pinned tweet to join now

👇⬇️⬇️👇

{{@LennagertSnyder}}",https://twitter.com/i/web/status/1961022684881396027,2025-08-28 11:06:56+00:00,Twitter,tweet
"@Vazviz111 ""🚀 Join My Telegram! 💰 Get free access to top trading strat...","@Vazviz111 ""🚀 Join My Telegram! 💰 Get free access to top trading strategies, market insights, daily profitable trades, and more! 📈💡 85% of followers earn &amp; grow to $100K! 
Click the link in my bio or pinned post to join
👇👇
@Bitcoioinhabebe",https://twitter.com/i/web/status/1961022666720092205,2025-08-28 11:06:52+00:00,Twitter,tweet
@InfuencerBox Say hi 👋 to Join my Telegram channel for expert market v...,"@InfuencerBox Say hi 👋 to Join my Telegram channel for expert market views, technical insights, and regular trade updates.

Click here and my pinned tweet to join now

👇⬇️⬇️👇

{{@LennagertSnyder}}",https://twitter.com/i/web/status/1961022664295756059,2025-08-28 11:06:51+00:00,Twitter,tweet
"RT @JimmyJayLeal: https://t.co/5O9nP11B1L $1,500,000
change how the wo...","RT @JimmyJayLeal: https://t.co/5O9nP11B1L $1,500,000
change how the world watches tv with artificial intelligence.
@mbrandolph https://t.co…",https://twitter.com/i/web/status/1961022655642869841,2025-08-28 11:06:49+00:00,Twitter,tweet
@0xKnight_2341 Say hi 👋 to Join my Telegram channel for expert market ...,"@0xKnight_2341 Say hi 👋 to Join my Telegram channel for expert market views, technical insights, and regular trade updates.

Click here and my pinned tweet to join now

👇⬇️⬇️👇

{{@LennagertSnyder}}",https://twitter.com/i/web/status/1961022636751724647,2025-08-28 11:06:45+00:00,Twitter,tweet
RT @StateDept: .@POTUS launched America's AI Action Plan to lead in AI...,"RT @StateDept: .@POTUS launched America's AI Action Plan to lead in AI diplomacy and cement U.S. dominance in artificial intelligence. 

AI…",https://twitter.com/i/web/status/1961022623082488175,2025-08-28 11:06:42+00:00,Twitter,tweet
RT @Wizzy204_: Artificial intelligence represents the most significant...,"RT @Wizzy204_: Artificial intelligence represents the most significant computational frontier, yet it is hindered by reliance on centralize…",https://twitter.com/i/web/status/1961022613045514298,2025-08-28 11:06:39+00:00,Twitter,tweet
"RT @ETNOW_LOT: Tonight on Leaders of Tomorrow, Nadeem Patni, Managing ...","RT @ETNOW_LOT: Tonight on Leaders of Tomorrow, Nadeem Patni, Managing Director, Blum India, joins Ritwika Gupta @ritzdotcom  to decode the…",https://twitter.com/i/web/status/1961022604157788492,2025-08-28 11:06:37+00:00,Twitter,tweet
@SebyCore Say hi 👋 to Join my Telegram channel for expert market views...,"@SebyCore Say hi 👋 to Join my Telegram channel for expert market views, technical insights, and regular trade updates.

Click here and my pinned tweet to join now

👇⬇️⬇️👇

{{@LennagertSnyder}}",https://twitter.com/i/web/status/1961022597216227538,2025-08-28 11:06:35+00:00,Twitter,tweet
@CalebNganmoue Trader | Investor | Sharing market insights &amp; analy...,"@CalebNganmoue Trader | Investor | Sharing market insights &amp; analysis | Follow for updates &amp; Mentorship!

                DM ~👇👇
🔥Head to @James_Wynn_Rael
🔥 Click on the 📌PINNED POST or Link on BIO to join James Wynn's Telegram group",https://twitter.com/i/web/status/1961022587602862466,2025-08-28 11:06:33+00:00,Twitter,tweet
"@not_saintjhn ""🚀 Join My Telegram! 💰 Get free access to top trading st...","@not_saintjhn ""🚀 Join My Telegram! 💰 Get free access to top trading strategies, market insights, daily profitable trades, and more! 📈💡 85% of followers earn &amp; grow to $100K! 
Click the link in my bio or pinned post to join
👇👇
@Bitcoioinhabebe",https://twitter.com/i/web/status/1961022566543261706,2025-08-28 11:06:28+00:00,Twitter,tweet
@TomLearnLab Trader | Investor | Sharing market insights &amp; analysi...,"@TomLearnLab Trader | Investor | Sharing market insights &amp; analysis | Follow for updates &amp; Mentorship!

                DM ~👇👇
🔥Head to @James_Wynn_Rael
🔥 Click on the 📌PINNED POST or Link on BIO to join James Wynn's Telegram group",https://twitter.com/i/web/status/1961022559287177315,2025-08-28 11:06:26+00:00,Twitter,tweet
@seraphweb3 Trader | Investor | Sharing market insights &amp; analysis...,"@seraphweb3 Trader | Investor | Sharing market insights &amp; analysis | Follow for updates &amp; Mentorship!

                DM ~👇👇
🔥Head to @James_Wynn_Rael
🔥 Click on the 📌PINNED POST or Link on BIO to join James Wynn's Telegram group",https://twitter.com/i/web/status/1961022530921038205,2025-08-28 11:06:20+00:00,Twitter,tweet
@jamescoinmine4 Trader | Investor | Sharing market insights &amp; anal...,"@jamescoinmine4 Trader | Investor | Sharing market insights &amp; analysis | Follow for updates &amp; Mentorship!

                DM ~👇👇
🔥Head to @James_Wynn_Rael
🔥 Click on the 📌PINNED POST or Link on BIO to join James Wynn's Telegram group",https://twitter.com/i/web/status/1961022504891195584,2025-08-28 11:06:13+00:00,Twitter,tweet
@Cee_gold10 Say hi 👋 to Join my Telegram channel for expert market vie...,"@Cee_gold10 Say hi 👋 to Join my Telegram channel for expert market views, technical insights, and regular trade updates.

Click here and my pinned tweet to join now

👇⬇️⬇️👇

{{@LennagertSnyder}}",https://twitter.com/i/web/status/1961022503888826413,2025-08-28 11:06:13+00:00,Twitter,tweet
RT @i_am_Betterment: Today I want to journey my way through the world ...,RT @i_am_Betterment: Today I want to journey my way through the world of liqfinity.Liqfinity is a decentralized finance (DeFi) lending plat…,https://twitter.com/i/web/status/1961022501133091269,2025-08-28 11:06:12+00:00,Twitter,tweet
"RT @JimmyJayLeal: https://t.co/5O9nP11B1L $1,500,000 
change how the w...","RT @JimmyJayLeal: https://t.co/5O9nP11B1L $1,500,000 
change how the world watches tv with artificial intelligence.
@CEOAdam https://t.co/l…",https://twitter.com/i/web/status/1961022497282810137,2025-08-28 11:06:12+00:00,Twitter,tweet
"@_cryptowhispers ""🚀 Join My Telegram! 💰 Get free access to top trading...","@_cryptowhispers ""🚀 Join My Telegram! 💰 Get free access to top trading strategies, market insights, daily profitable trades, and more! 📈💡 85% of followers earn &amp; grow to $100K! 
Click the link in my bio or pinned post to join
👇👇
@Bitcoioinhabebe",https://twitter.com/i/web/status/1961022478089654482,2025-08-28 11:06:07+00:00,Twitter,tweet
